{
    "test": [
        {
            "num_records": 1,
            "time": [
                2.609729766845703,
                3.1757354736328125,
                2.572298049926758
            ]
        },
        {
            "num_records": 10,
            "time": [
                2.577066421508789,
                2.442598342895508,
                2.7015209197998047
            ]
        },
        {
            "num_records": 100,
            "time": [
                4.941701889038086,
                4.149198532104492,
                5.809307098388672
            ]
        },
        {
            "num_records": 1000,
            "time": [
                17.047405242919922,
                29.6785831451416,
                29.870271682739258
            ]
        }
    ]
}