{
    "test": [
        {
            "num_records": 1,
            "time": [
                2.398967742919922,
                2.794027328491211,
                2.7289390563964844
            ]
        },
        {
            "num_records": 100,
            "time": [
                2.544879913330078,
                2.1681785583496094,
                2.524852752685547
            ]
        },
        {
            "num_records": 1000,
            "time": [
                2.251148223876953,
                2.4569034576416016,
                2.3050308227539062
            ]
        }
    ]
}