{
    "test": [
        {
            "num_records": 0,
            "time": []
        },
        {
            "num_records": 2,
            "time": [
                0.0,
                1.233816146850586,
                1.0001659393310547,
                1.001596450805664,
                0.0,
                0.0,
                1.0008811950683594,
                1.0027885437011719,
                0.0,
                1.0006427764892578
            ]
        }
    ]
}