{
    "test": [
        {
            "num_records": 679,
            "time": [
                1.087188720703125,
                0.0,
                0.0,
                0.9911060333251953,
                0.0,
                1.0030269622802734,
                0.0,
                0.0,
                0.0,
                0.0
            ]
        },
        {
            "num_records": 2,
            "time": [
                0.9901523590087891,
                0.0,
                0.5249977111816406,
                0.98419189453125,
                0.0,
                1.0581016540527344,
                0.0,
                0.0,
                1.0457038879394531,
                0.9908676147460938
            ]
        }
    ]
}