{
    "test": [
        {
            "num_records": 679,
            "time": [
                0.9965896606445312,
                0.0,
                0.0,
                0.0,
                0.0,
                0.0,
                0.0,
                0.0,
                0.0,
                0.0
            ]
        },
        {
            "num_records": 2,
            "time": [
                0.0,
                0.0,
                0.0,
                0.5631446838378906,
                0.0,
                0.0,
                0.0,
                0.0,
                0.0,
                0.0
            ]
        }
    ]
}