{
    "test": [
        {
            "num_records": 2880,
            "time": [
                0.0,
                0.9906291961669922,
                0.0,
                0.2262592315673828,
                0.2644062042236328,
                0.0,
                0.1780986785888672,
                0.0,
                0.0,
                0.0
            ]
        },
        {
            "num_records": 9,
            "time": [
                0.6058216094970703,
                0.9989738464355469,
                1.0008811950683594,
                0.3840923309326172,
                0.9748935699462891,
                0.9646415710449219,
                0.33473968505859375,
                0.8554458618164062,
                0.0,
                0.6210803985595703
            ]
        },
        {
            "num_records": 0,
            "time": [
                0.8099079132080078,
                0.4127025604248047,
                0.0,
                0.0,
                1.0004043579101562,
                0.0,
                0.17452239990234375,
                0.0,
                0.5035400390625,
                1.024007797241211
            ]
        }
    ]
}