{
    "test": [
        {
            "num_records": 2880,
            "time": [
                0.0,
                0.0,
                0.0,
                0.0,
                0.0,
                0.0,
                0.0,
                0.0,
                0.0,
                0.0
            ]
        },
        {
            "num_records": 9,
            "time": [
                0.0,
                0.06413459777832031,
                0.0,
                0.5469322204589844,
                0.09489059448242188,
                0.0,
                0.5528926849365234,
                0.0,
                0.07009506225585938,
                0.0
            ]
        },
        {
            "num_records": 0,
            "time": [
                0.0,
                0.0,
                0.08106231689453125,
                0.0,
                0.0,
                0.0,
                0.14162063598632812,
                0.1811981201171875,
                0.0,
                0.0
            ]
        }
    ]
}