{
    "test": [
        {
            "num_records": 1,
            "time": [
                32.059431076049805
            ]
        },
        {
            "num_records": 100,
            "time": [
                272.02630043029785
            ]
        },
        {
            "num_records": 1000,
            "time": [
                2511.422872543335
            ]
        },
        {
            "num_records": 10000,
            "time": [
                26214.500427246094
            ]
        }
    ]
}